secs,km,power,hr,cad,alt
0,0,,74,,-103.8
1,0.00073,,74,,-103.4
2,0.00168,,74,,-103.2
3,0.00276,,75,,-103.4
4,0.00398,,75,,-103.4
5,0.00525,,77,,-103.4
6,0.00634,,77,,-103.4
7,0.00719,,78,,-103.4
8,0.00834,,78,,-103.4
9,0.00962,,78,,-103.4
10,0.01085,,78,,-103.4
11,0.01225,,78,,-103.4
12,0.01403,,78,,-103.4
13,0.01546,,79,,-103.4
14,0.01691,,79,,-103.4
15,0.01817,,79,,-103.4
16,0.0196,,79,,-103.4
17,0.02082,,79,,-103.4
18,0.02216,,79,,-103.4
19,0.02379,,79,,-103.4
20,0.02511,,80,,-103.6
21,0.0266,,81,,-103.6
22,0.02786,,81,,-103.8
23,0.02937,,82,,-103.8
24,0.03056,,82,,-103.8
25,0.03198,,82,,-103.8
26,0.0333,,82,,-103.8
27,0.03476,,82,,-103.8
28,0.03581,,83,,-103.8
29,0.03704,,83,,-103.6
30,0.03824,,83,,-103.6
31,0.0395,,83,,-103.6
32,0.04041,,83,,-103.4
33,0.04101,,84,,-103.4
34,0.04222,,84,,-103.4
35,0.0437,,84,,-103.2
36,0.04495,,85,,-103.2
37,0.04598,,85,,-103.2
38,0.04705,,86,,-103.2
39,0.0484,,86,,-103.4
40,0.04967,,86,,-103.4
41,0.05106,,86,,-103.6
42,0.0534,,86,,-103.6
43,0.05427,,86,,-103.6
44,0.05487,,86,,-103.8
45,0.0559,,86,,-103.8
46,0.0572,,86,,-103.8
47,0.05817,,87,,-104
48,0.05936,,87,,-104
49,0.06032,,87,,-104
50,0.06156,,88,,-104
51,0.06305,,88,,-103.8
52,0.06417,,88,,-103.8
53,0.06557,,87,,-103.8
54,0.06718,,87,,-103.8
55,0.06936,,86,,-103.6
56,0.07089,,86,,-103.6
57,0.07255,,85,,-103.6
58,0.07413,,85,,-103.4
59,0.07576,,85,,-103.4
60,0.07695,,85,,-103.4
61,0.07789,,85,,-103.4
62,0.07943,,85,,-103.2
63,0.08085,,85,,-103.2
64,0.08209,,86,,-103.2
65,0.08342,,86,,-103.2
66,0.08472,,86,,-103.2
67,0.08611,,86,,-103.2
68,0.08754,,87,,-103.2
69,0.08914,,87,,-103.4
70,0.09043,,87,,-103.4
71,0.09189,,87,,-103.6
72,0.09319,,87,,-103.8
73,0.09495,,86,,-103.8
74,0.09687,,86,,-103.8
75,0.09909,,86,,-103.8
76,0.1014,,86,,-103.8
77,0.10387,,86,,-103.8
78,0.10627,,86,,-103.8
79,0.10829,,86,,-103.8
80,0.11063,,86,,-103.8
81,0.11317,,86,,-103.8
82,0.11557,,86,,-104
83,0.11794,,86,,-104
84,0.12019,,86,,-103.8
85,0.12227,,86,,-104
86,0.12373,,86,,-103.8
87,0.12505,,86,,-103.8
88,0.12672,,86,,-103.8
89,0.12845,,86,,-103.8
90,0.13022,,86,,-103.8
91,0.13225,,86,,-103.8
92,0.13426,,86,,-103.6
93,0.1365,,86,,-103.6
94,0.13822,,86,,-103.8
95,0.1402,,86,,-103.8
96,0.14202,,86,,-103.8
97,0.14376,,86,,-104
98,0.14568,,86,,-104
99,0.14778,,86,,-104
100,0.15032,,86,,-104
101,0.15223,,86,,-104
102,0.15391,,86,,-104
103,0.15608,,86,,-104
104,0.1579,,86,,-103.8
105,0.15968,,86,,-104
106,0.16118,,86,,-103.8
107,0.16364,,86,,-104
108,0.166,,86,,-104
109,0.16794,,86,,-104
110,0.17005,,86,,-104
111,0.17242,,86,,-104
112,0.1744,,86,,-104
113,0.17658,,86,,-104
114,0.17857,,86,,-104
115,0.18066,,86,,-104
116,0.18279,,86,,-104
117,0.18514,,90,,-104
118,0.1875,,90,,-104
119,0.18969,,90,,-103.8
120,0.19165,,90,,-103.8
121,0.19353,,96,,-103.8
122,0.19575,,96,,-103.8
123,0.19799,,96,,-103.8
124,0.2,,96,,-103.8
125,0.20222,,96,,-103.8
126,0.20442,,96,,-103.8
127,0.20669,,96,,-103.8
128,0.2089,,96,,-104
129,0.21125,,96,,-104
130,0.2133,,96,,-104
131,0.21558,,96,,-104.2
132,0.21771,,96,,-104
133,0.2198,,96,,-104.2
134,0.222,,96,,-104.2
135,0.2242,,96,,-104
136,0.22643,,96,,-104.2
137,0.22834,,96,,-104
138,0.23037,,96,,-104
139,0.23217,,96,,-104
140,0.2339,,96,,-104
141,0.23598,,96,,-104
142,0.23809,,96,,-104
143,0.24027,,96,,-104
144,0.24239,,96,,-104
145,0.24432,,96,,-104
146,0.24635,,96,,-104
147,0.24828,,96,,-104
148,0.25019,,96,,-104
149,0.25218,,96,,-104
150,0.25424,,96,,-104
151,0.2564,,96,,-104
152,0.2585,,96,,-104.2
153,0.26057,,96,,-104.2
154,0.26264,,96,,-104.2
155,0.26478,,96,,-104.2
156,0.26707,,96,,-104.2
157,0.2695,,96,,-104.2
158,0.27174,,96,,-104.2
159,0.27402,,96,,-104
160,0.27623,,96,,-104
161,0.27839,,96,,-104
162,0.28049,,96,,-104
163,0.28246,,96,,-104
164,0.28454,,96,,-104.2
165,0.28654,,96,,-104.2
166,0.28872,,96,,-104.2
167,0.29084,,96,,-104.2
168,0.29274,,96,,-104.2
169,0.29446,,96,,-104.2
170,0.29655,,96,,-104.2
171,0.29869,,96,,-104.2
172,0.30091,,96,,-104.2
173,0.30293,,96,,-104.2
174,0.30491,,96,,-104
175,0.30679,,96,,-104.2
176,0.3088,,96,,-104.2
177,0.31066,,96,,-104.2
178,0.31268,,96,,-104.2
179,0.31484,,96,,-104.2
180,0.31709,,96,,-104.2
181,0.31925,,96,,-104.2
182,0.32133,,96,,-104.2
183,0.3234,,96,,-104.2
184,0.32542,,96,,-104.2
185,0.32754,,96,,-104.2
186,0.32965,,96,,-104
187,0.33171,,96,,-104
188,0.33387,,96,,-104
189,0.33583,,96,,-104
190,0.33782,,96,,-104
191,0.33992,,96,,-104.2
192,0.34192,,96,,-104.2
193,0.34382,,96,,-104.2
194,0.34564,,96,,-104.2
195,0.34758,,96,,-104.2
196,0.34954,,96,,-104.2
197,0.35151,,96,,-104.2
198,0.35333,,96,,-104.2
199,0.35523,,96,,-104.2
200,0.35733,,96,,-104
201,0.35932,,96,,-104
202,0.36135,,96,,-104
203,0.36349,,96,,-104
204,0.36523,,96,,-104
205,0.36722,,96,,-103.8
206,0.36928,,96,,-103.8
207,0.37146,,96,,-103.8
208,0.37359,,96,,-103.8
209,0.37581,,96,,-103.8
210,0.37797,,96,,-103.8
211,0.38021,,96,,-103.8
212,0.38252,,96,,-104
213,0.38479,,96,,-104
214,0.38695,,96,,-104
215,0.38915,,96,,-103.8
216,0.3913,,96,,-103.8
217,0.39341,,96,,-103.8
218,0.39549,,96,,-103.8
219,0.39742,,96,,-103.6
220,0.39945,,101,,-103.6
221,0.40158,,101,,-103.6
222,0.40362,,101,,-103.6
223,0.40564,,101,,-103.6
224,0.40758,,101,,-103.6
225,0.40931,,101,,-103.6
226,0.41102,,101,,-103.6
227,0.41275,,101,,-103.8
228,0.41463,,101,,-103.6
229,0.41655,,101,,-103.6
230,0.41849,,101,,-103.6
231,0.42045,,101,,-103.6
232,0.42261,,101,,-103.6
233,0.4248,,101,,-103.6
234,0.42688,,101,,-103.6
235,0.42892,,101,,-103.6
236,0.43107,,101,,-103.6
237,0.43326,,101,,-103.6
238,0.43522,,101,,-103.6
239,0.43714,,101,,-103.6
240,0.43924,,101,,-103.6
241,0.44141,,101,,-103.6
242,0.44345,,101,,-103.6
243,0.44551,,101,,-103.6
244,0.44768,,104,,-103.6
245,0.44978,,107,,-103.8
246,0.45186,,109,,-103.8
247,0.45405,,109,,-103.8
248,0.45615,,112,,-103.8
249,0.45832,,119,,-103.6
250,0.46046,,119,,-103.6
251,0.46237,,119,,-103.6
252,0.46423,,119,,-103.6
253,0.46614,,119,,-103.6
254,0.46813,,119,,-103.8
255,0.46998,,114,,-103.8
256,0.47192,,115,,-103.8
257,0.47399,,115,,-103.6
258,0.47612,,115,,-103.6
259,0.47828,,116,,-103.6
260,0.4805,,116,,-103.6
261,0.48246,,116,,-103.6
262,0.48429,,116,,-103.4
263,0.48606,,115,,-103.6
264,0.48802,,115,,-103.6
265,0.49016,,115,,-103.6
266,0.49231,,116,,-103.6
267,0.49448,,116,,-103.6
268,0.49664,,117,,-103.8
269,0.49884,,117,,-103.8
270,0.50095,,117,,-103.8
271,0.50294,,117,,-103.8
272,0.50496,,116,,-103.8
273,0.50707,,116,,-103.8
274,0.50921,,116,,-103.8
275,0.51157,,115,,-103.6
276,0.51375,,116,,-103.6
277,0.51594,,115,,-103.6
278,0.51804,,114,,-103.6
279,0.52008,,113,,-103.8
280,0.52222,,112,,-103.6
281,0.52426,,111,,-103.8
282,0.52632,,110,,-103.8
283,0.52847,,110,,-103.8
284,0.53058,,111,,-103.8
285,0.53274,,112,,-103.8
286,0.53507,,113,,-103.8
287,0.53723,,114,,-104
288,0.53912,,115,,-103.8
289,0.54099,,115,,-103.8
290,0.54304,,116,,-103.8
291,0.54501,,116,,-103.8
292,0.5473,,116,,-103.8
293,0.54949,,116,,-103.6
294,0.55158,,117,,-103.6
295,0.55366,,117,,-103.8
296,0.55598,,118,,-103.8
297,0.55799,,118,,-103.8
298,0.5601,,118,,-103.8
299,0.56225,,118,,-103.8
300,0.56434,,119,,-104
301,0.56626,,118,,-103.8
302,0.56808,,118,,-104
303,0.56977,,118,,-104
304,0.57165,,117,,-103.8
305,0.57359,,116,,-103.8
306,0.57555,,116,,-103.8
307,0.57739,,116,,-103.8
308,0.57935,,116,,-103.8
309,0.58148,,116,,-103.8
310,0.58358,,117,,-103.8
311,0.58562,,117,,-103.8
312,0.58774,,117,,-103.8
313,0.58968,,118,,-103.8
314,0.59164,,118,,-103.8
315,0.59347,,118,,-104
316,0.59548,,117,,-103.8
317,0.59763,,117,,-103.8
318,0.59976,,117,,-103.8
319,0.60195,,117,,-103.8
320,0.60406,,117,,-103.8
321,0.60617,,117,,-103.8
322,0.6082,,117,,-103.6
323,0.61041,,118,,-103.6
324,0.61274,,118,,-103.6
325,0.61495,,118,,-103.6
326,0.61731,,118,,-103.6
327,0.61983,,118,,-103.4
328,0.62209,,118,,-103.4
329,0.62438,,118,,-103.4
330,0.62649,,118,,-103.4
331,0.62869,,118,,-103.4
332,0.63073,,119,,-103.4
333,0.63261,,119,,-103.2
334,0.63461,,119,,-103.2
335,0.63676,,120,,-103.2
336,0.63903,,120,,-103.4
337,0.64121,,119,,-103.4
338,0.64313,,119,,-103.4
339,0.64507,,119,,-103.4
340,0.64713,,119,,-103.4
341,0.64925,,120,,-103.4
342,0.6513,,120,,-103.4
343,0.65329,,120,,-103.2
344,0.65534,,120,,-103.2
345,0.65749,,120,,-103.2
346,0.65969,,120,,-103.2
347,0.66187,,120,,-103.2
348,0.66411,,120,,-103.2
349,0.66608,,120,,-103.2
350,0.66812,,120,,-103.2
351,0.6699,,120,,-103.2
352,0.6718,,119,,-103
353,0.6739,,119,,-103
354,0.67594,,119,,-103
355,0.67812,,119,,-103.2
356,0.67997,,120,,-103.2
357,0.68194,,120,,-103.2
358,0.68358,,120,,-103.2
359,0.6852,,120,,-103.2
360,0.68688,,119,,-103.2
361,0.6888,,119,,-103.2
362,0.69105,,119,,-103.2
363,0.69338,,119,,-103.2
364,0.69589,,119,,-103.4
365,0.69843,,119,,-103.2
366,0.70088,,119,,-103.4
367,0.7032,,119,,-103.4
368,0.70525,,119,,-103.4
369,0.70724,,120,,-103.4
370,0.70882,,120,,-103.4
371,0.71019,,120,,-103.2
372,0.71162,,120,,-103.2
373,0.71307,,120,,-103
374,0.71472,,119,,-102.8
375,0.71629,,119,,-102.8
376,0.71774,,119,,-102.8
377,0.71901,,119,,-102.8
378,0.72033,,118,,-102.8
379,0.72168,,118,,-102.8
380,0.72295,,117,,-102.8
381,0.72406,,117,,-103
382,0.72533,,116,,-103
383,0.72659,,116,,-102.8
384,0.72775,,116,,-102.8
385,0.72911,,115,,-102.8
386,0.73051,,115,,-102.8
387,0.73199,,114,,-102.8
388,0.73349,,113,,-102.8
389,0.73502,,112,,-102.8
390,0.73663,,112,,-102.8
391,0.73806,,111,,-102.8
392,0.73937,,111,,-102.8
393,0.74052,,111,,-102.8
394,0.74178,,111,,-102.8
395,0.74315,,110,,-102.8
396,0.74459,,110,,-103
397,0.7461,,109,,-103
398,0.74756,,108,,-103
399,0.74888,,108,,-103
400,0.75052,,107,,-103
401,0.75208,,107,,-103
402,0.75336,,106,,-103
403,0.75467,,105,,-103
404,0.75586,,105,,-103
405,0.75718,,105,,-103
406,0.75842,,105,,-103
407,0.75976,,105,,-103
408,0.76112,,104,,-103
409,0.76246,,104,,-103
410,0.76362,,103,,-103
411,0.76463,,102,,-103
412,0.76536,,102,,-103
413,0.76584,,102,,-103
414,0.76652,,102,,-103
415,0.7669,,102,,-103
416,0.76735,,103,,-103
417,0.76786,,103,,-103
418,0.76786,,103,,-103
419,0.76802,,103,,-103.2
420,0.76831,,103,,-103.2
421,0.76846,,102,,-103.2
422,0.76861,,102,,-103.2
423,0.76931,,102,,-103.4
424,0.77011,,101,,-103.4
425,0.77061,,101,,-103.4
426,0.77169,,100,,-103.4
427,0.77253,,100,,-103.4
428,0.7729,,99,,-103.2
429,0.7735,,99,,-103.2
430,0.77461,,99,,-103.2
431,0.77551,,99,,-103.2
432,0.77598,,100,,-103.2
433,0.7762,,100,,-103.2
434,0.77665,,99,,-103.4
435,0.77665,,98,,-103.4
436,0.77665,,96,,-103.4
437,0.77667,,95,,-103.6
438,0.77735,,93,,-103.6
439,0.77769,,91,,-103.6
440,0.77777,,90,,-103.4
441,0.77852,,89,,-103.4
442,0.77922,,89,,-103.2
443,0.78022,,90,,-103.2
444,0.78058,,92,,-103
445,0.78112,,93,,-103.4
446,0.78178,,95,,-103
447,0.78202,,95,,-103.4
448,0.78232,,96,,-103.4
449,0.78244,,97,,-103.6
450,0.78253,,97,,-103.6
451,0.78279,,96,,-103.6
452,0.78279,,96,,-103.6
453,0.78282,,95,,-103.6
454,0.78282,,94,,-103.6
455,0.78282,,94,,-103.6
456,0.78288,,93,,-103.6
457,0.78294,,93,,-103.6
458,0.78299,,92,,-103.6
459,0.78302,,92,,-103.6
460,0.78302,,92,,-103.6
461,0.78303,,92,,-103.6
462,0.78304,,92,,-103.6
463,0.78304,,92,,-103.6
464,0.78328,,92,,-103.6
465,0.78395,,92,,-103.6
466,0.78479,,92,,-103.4
467,0.78595,,93,,-103.4
468,0.78714,,93,,-103.4
469,0.78839,,94,,-103.4
470,0.78955,,95,,-103.4
471,0.79097,,96,,-103.4
472,0.7922,,96,,-103.4
473,0.7935,,97,,-103.4
474,0.79523,,97,,-103.4
475,0.79655,,96,,-103.4
476,0.7975,,95,,-103.2
477,0.79845,,94,,-103.2
478,0.79941,,94,,-103.2
479,0.80027,,92,,-103
480,0.80063,,92,,-103
481,0.80129,,91,,-103
482,0.80184,,91,,-103
483,0.80242,,91,,-103
484,0.80346,,91,,-103
485,0.80469,,91,,-103
486,0.80637,,91,,-103
487,0.80734,,92,,-103
488,0.80833,,92,,-103
489,0.80945,,93,,-103
490,0.8105,,93,,-103
491,0.81138,,94,,-102.8
492,0.81214,,94,,-102.8
493,0.81223,,94,,-102.8
494,0.81227,,94,,-102.8
495,0.81227,,94,,-102.8
496,0.81267,,94,,-102.8
497,0.81326,,95,,-102.8
498,0.81444,,95,,-102.8
499,0.81672,,95,,-102.8
500,0.81747,,95,,-102.8
501,0.81834,,95,,-102.8
502,0.81904,,95,,-102.8
503,0.81904,,95,,-102.8
504,0.8194,,94,,-102.8
505,0.82022,,94,,-102.8
506,0.82083,,93,,-102.6
507,0.82112,,93,,-102.6
508,0.8254,,92,,-102.4
509,0.82576,,91,,-102.4
510,0.8331,,91,,-102.2
511,0.83945,,91,,-102.2
512,0.84212,,91,,-102.4
513,0.84243,,92,,-102.4
514,0.84454,,93,,-102.4
515,0.8461,,93,,-102.6
516,0.84746,,94,,-102.6
517,0.84857,,94,,-102.8
518,0.84963,,94,,-102.8
519,0.85081,,95,,-102.8
520,0.85149,,95,,-102.8
521,0.8525,,95,,-102.8
522,0.8536,,96,,-102.8
523,0.85495,,97,,-102.8
524,0.8565,,97,,-102.8
525,0.85806,,97,,-102.8
526,0.85906,,97,,-102.8
527,0.85998,,96,,-102.8
528,0.86071,,95,,-103
529,0.86095,,94,,-103
530,0.86245,,93,,-103.2
531,0.86383,,92,,-103.2
532,0.86583,,92,,-103.2
533,0.86693,,93,,-103.2
534,0.86933,,93,,-103.4
535,0.87088,,94,,-103.4
536,0.87201,,95,,-103.2
537,0.87386,,95,,-103.2
538,0.87386,,96,,-103.2
539,0.87417,,96,,-103.2
540,0.87575,,95,,-103.2
541,0.87749,,95,,-103.2
542,0.87944,,94,,-103
543,0.88128,,93,,-103
544,0.88297,,93,,-103
545,0.88464,,92,,-102.8
546,0.88608,,92,,-102.6
547,0.88765,,93,,-102.6
548,0.88931,,94,,-102.6
549,0.89071,,94,,-102.6
550,0.89168,,95,,-102.8
551,0.89307,,95,,-102.8
552,0.89346,,95,,-102.8
553,0.89518,,95,,-102.8
554,0.89671,,94,,-103
555,0.89821,,94,,-103
556,0.89962,,93,,-103
557,0.90087,,93,,-103
558,0.90307,,93,,-103
559,0.90615,,93,,-103.2
560,0.90817,,94,,-103.2
561,0.90989,,94,,-103.2
562,0.91139,,95,,-103.2
563,0.9124,,95,,-103.2
564,0.91256,,96,,-103.4
565,0.9137,,96,,-103.4
566,0.91521,,96,,-103.2
567,0.91688,,96,,-103.2
568,0.91808,,96,,-103.2
569,0.91939,,95,,-103.2
570,0.92035,,95,,-103.2
571,0.92198,,93,,-103.2
572,0.92354,,93,,-103.2
573,0.92508,,92,,-103.2
574,0.92651,,91,,-103.2
575,0.92795,,91,,-103.4
576,0.92936,,91,,-103.4
577,0.93065,,91,,-103.4
578,0.93173,,91,,-103.4
579,0.93244,,91,,-103.4
580,0.93323,,92,,-103.4
581,0.93389,,92,,-103.4
582,0.93434,,91,,-103.4
583,0.93472,,91,,-103.4
584,0.93517,,91,,-103.4
585,0.93547,,91,,-103.4
586,0.93631,,91,,-103.4
587,0.93715,,91,,-103.4
588,0.93838,,91,,-103.4
589,0.93983,,91,,-103.4
590,0.94155,,91,,-103.4
591,0.94314,,92,,-103.4
592,0.94495,,92,,-103.2
593,0.9467,,93,,-103
594,0.94865,,94,,-103
595,0.95037,,94,,-103
596,0.95175,,95,,-102.8
597,0.95286,,95,,-103
598,0.95442,,95,,-103.2
599,0.95636,,95,,-103.4
600,0.95809,,94,,-103.4
601,0.95966,,93,,-103.6
602,0.96115,,92,,-103.6
603,0.96254,,92,,-103.6
604,0.9637,,91,,-103.6
605,0.96498,,91,,-103.6
606,0.96615,,91,,-103.6
607,0.96725,,91,,-103.6
608,0.96859,,91,,-103.6
609,0.96994,,92,,-103.6
610,0.97138,,92,,-103.8
611,0.97283,,92,,-103.8
612,0.97453,,92,,-103.8
613,0.97624,,92,,-103.8
614,0.97773,,92,,-103.8
615,0.97921,,92,,-104
616,0.98065,,92,,-104
617,0.98202,,92,,-103.8
618,0.98338,,93,,-103.8
619,0.98471,,93,,-103.8
620,0.98619,,93,,-103.6
621,0.98752,,94,,-103.4
622,0.98882,,94,,-103.4
623,0.98995,,94,,-103.4
624,0.99115,,95,,-103.2
625,0.9922,,95,,-103.2
626,0.99347,,95,,-103.2
627,0.99484,,96,,-103.2
628,0.99613,,96,,-103.2
629,0.99748,,97,,-103.2
630,0.99868,,97,,-103.2
631,0.99992,,97,,-103.2
632,1.00121,,97,,-103.4
633,1.00267,,97,,-103.4
634,1.00397,,98,,-103.6
635,1.00572,,98,,-103.6
636,1.00718,,100,,-103.6
637,1.00846,,100,,-103.8
638,1.00995,,101,,-103.8
639,1.01144,,102,,-103.8
640,1.01295,,102,,-103.8
641,1.01445,,102,,-103.8
642,1.01585,,102,,-103.8
643,1.01746,,102,,-103.8
644,1.01901,,102,,-103.8
645,1.0206,,102,,-103.8
646,1.02233,,101,,-104
647,1.02442,,101,,-104
648,1.02648,,101,,-104.2
649,1.0283,,101,,-104.2
650,1.03076,,101,,-104.4
651,1.03274,,101,,-104.4
652,1.0348,,102,,-104.4
653,1.03683,,103,,-104.4
654,1.03858,,103,,-104.4
655,1.04073,,104,,-104.4
656,1.043,,104,,-104.4
657,1.04551,,105,,-104.2
658,1.04748,,105,,-104.2
659,1.04901,,106,,-104.2
660,1.05101,,106,,-104.2
661,1.05297,,106,,-104.2
662,1.05493,,107,,-104.2
663,1.0573,,108,,-104.2
664,1.05943,,109,,-104.4
665,1.06158,,110,,-104.4
666,1.06378,,110,,-104.4
667,1.06567,,111,,-104.2
668,1.06788,,112,,-104.2
669,1.07003,,112,,-104.2
670,1.07193,,112,,-104.2
671,1.07422,,113,,-104.2
672,1.07628,,113,,-104.2
673,1.07833,,113,,-104
674,1.08061,,113,,-104.2
675,1.08276,,113,,-104.2
676,1.08511,,114,,-104
677,1.0873,,114,,-104.2
678,1.08952,,114,,-104.2
679,1.09201,,115,,-104
680,1.09432,,115,,-104.2
681,1.09654,,115,,-104
682,1.09882,,116,,-104
683,1.10088,,116,,-104
684,1.10321,,116,,-104
685,1.10521,,116,,-104
686,1.10733,,117,,-104
687,1.10935,,117,,-104
688,1.11138,,117,,-104
689,1.11361,,117,,-103.8
690,1.11576,,117,,-103.8
691,1.11772,,117,,-103.8
692,1.12015,,118,,-103.8
693,1.12223,,118,,-103.8
694,1.1244,,118,,-103.8
695,1.12662,,118,,-103.8
696,1.12881,,118,,-103.8
697,1.13124,,118,,-103.8
698,1.13346,,118,,-103.8
699,1.13581,,119,,-103.8
700,1.13818,,119,,-103.8
701,1.14037,,119,,-104
702,1.14275,,120,,-104
703,1.14489,,120,,-104
704,1.14745,,121,,-104
705,1.14986,,121,,-104.2
706,1.15202,,122,,-104.2
707,1.15446,,122,,-104
708,1.15675,,122,,-103.8
709,1.15915,,122,,-103.8
710,1.16139,,122,,-103.8
711,1.16388,,122,,-103.8
712,1.1664,,122,,-103.8
713,1.16866,,123,,-103.8
714,1.17103,,123,,-103.8
715,1.17324,,123,,-103.8
716,1.17588,,123,,-104
717,1.1784,,123,,-104
718,1.18095,,123,,-104
719,1.18345,,123,,-104
720,1.1858,,123,,-103.8
721,1.18812,,123,,-103.8
722,1.19018,,123,,-103.8
723,1.19205,,123,,-103.8
724,1.19426,,124,,-103.8
725,1.19673,,124,,-103.8
726,1.19951,,124,,-103.8
727,1.20202,,125,,-103.8
728,1.20509,,125,,-103.8
729,1.20779,,125,,-103.8
730,1.21026,,125,,-103.8
731,1.21262,,125,,-103.8
732,1.21476,,124,,-104
733,1.21709,,124,,-104
734,1.21974,,124,,-104.2
735,1.22212,,125,,-104.2
736,1.22439,,125,,-104
737,1.22668,,125,,-104.2
738,1.22903,,125,,-104.2
739,1.2315,,126,,-104.2
740,1.23374,,126,,-104.2
741,1.23632,,126,,-104
742,1.23865,,126,,-103.8
743,1.24093,,127,,-103.8
744,1.24319,,127,,-103.6
745,1.24545,,127,,-103.6
746,1.24797,,128,,-103.6
747,1.25061,,128,,-103.8
748,1.25285,,128,,-103.8
749,1.25533,,127,,-104
750,1.25794,,127,,-104
751,1.26059,,127,,-104
752,1.26326,,127,,-103.8
753,1.26601,,127,,-103.8
754,1.26824,,127,,-103.6
755,1.2706,,127,,-103.6
756,1.27298,,126,,-103.6
757,1.27515,,126,,-103.6
758,1.27797,,126,,-103.6
759,1.28027,,126,,-103.8
760,1.28261,,126,,-103.8
761,1.28487,,126,,-103.8
762,1.28726,,126,,-103.8
763,1.28972,,127,,-104
764,1.29207,,127,,-104
765,1.29471,,127,,-104.2
766,1.29722,,127,,-104.2
767,1.29989,,126,,-104.2
768,1.30247,,126,,-104.2
769,1.30498,,126,,-104.4
770,1.30747,,126,,-104.2
771,1.31,,127,,-104
772,1.31264,,127,,-103.8
773,1.31511,,128,,-103.8
774,1.31774,,128,,-103.6
775,1.31983,,128,,-103.6
776,1.32236,,129,,-103.6
777,1.32498,,129,,-103.6
778,1.32768,,129,,-103.8
779,1.33042,,129,,-103.8
780,1.33307,,129,,-103.8
781,1.33577,,128,,-103.8
782,1.33822,,129,,-104
783,1.34079,,129,,-104
784,1.34317,,129,,-104
785,1.34559,,129,,-103.8
786,1.34773,,129,,-103.8
787,1.34991,,129,,-103.6
788,1.35206,,129,,-103.6
789,1.35421,,129,,-103.6
790,1.35644,,130,,-103.8
791,1.3586,,130,,-103.8
792,1.36106,,130,,-103.8
793,1.36366,,130,,-103.8
794,1.36587,,130,,-103.8
795,1.36823,,130,,-103.8
796,1.37063,,130,,-103.8
797,1.37294,,130,,-103.6
798,1.37531,,130,,-103.6
799,1.37824,,130,,-103.4
800,1.38072,,130,,-103.4
801,1.38366,,129,,-103.2
802,1.38635,,129,,-103.2
803,1.38903,,129,,-103.2
804,1.39139,,129,,-103.2
805,1.39382,,129,,-103.4
806,1.39637,,129,,-103.2
807,1.39891,,128,,-103.4
808,1.40139,,128,,-103.4
809,1.4038,,128,,-103.6
810,1.40617,,128,,-103.6
811,1.40861,,128,,-103.6
812,1.41104,,129,,-103.8
813,1.41352,,129,,-103.8
814,1.41615,,129,,-103.8
815,1.41895,,129,,-103.8
816,1.42143,,129,,-103.8
817,1.42396,,129,,-103.8
818,1.42638,,129,,-103.8
819,1.42889,,129,,-104
820,1.4316,,129,,-104
821,1.43427,,129,,-104
822,1.43667,,129,,-103.8
823,1.43895,,129,,-103.8
824,1.44127,,129,,-103.8
825,1.44362,,130,,-103.8
826,1.44593,,130,,-103.6
827,1.44823,,130,,-103.6
828,1.45063,,130,,-103.6
829,1.45297,,131,,-103.6
830,1.45545,,131,,-103.8
831,1.45764,,131,,-103.8
832,1.4599,,131,,-104
833,1.46208,,131,,-103.8
834,1.46451,,131,,-103.8
835,1.46686,,131,,-103.8
836,1.46927,,132,,-103.8
837,1.47161,,132,,-103.8
838,1.474,,132,,-103.8
839,1.47643,,132,,-103.8
840,1.47885,,132,,-103.8
841,1.48146,,132,,-103.8
842,1.48388,,132,,-103.8
843,1.48634,,132,,-103.8
844,1.48883,,132,,-103.8
845,1.49123,,133,,-103.8
846,1.49365,,133,,-103.8
847,1.49611,,133,,-103.8
848,1.49857,,134,,-103.8
849,1.50091,,133,,-103.8
850,1.50335,,133,,-103.8
851,1.50586,,133,,-103.8
852,1.50844,,133,,-103.8
853,1.51081,,132,,-103.8
854,1.51337,,132,,-103.8
855,1.51612,,132,,-103.8
856,1.51875,,132,,-103.8
857,1.52148,,132,,-103.8
858,1.52424,,132,,-103.8
859,1.52673,,132,,-104
860,1.52929,,132,,-104.2
861,1.53188,,132,,-104.2
862,1.53472,,132,,-104.2
863,1.53728,,132,,-104.2
864,1.53972,,132,,-104.2
865,1.54221,,132,,-104.2
866,1.54472,,132,,-104.2
867,1.54729,,132,,-104.2
868,1.54989,,132,,-104.2
869,1.55243,,132,,-104.2
870,1.55492,,132,,-104.2
871,1.55746,,132,,-104.2
872,1.55991,,132,,-104.2
873,1.56228,,132,,-104.2
874,1.56467,,131,,-104.2
875,1.56696,,131,,-104.2
876,1.56946,,131,,-104
877,1.57198,,131,,-104
878,1.57448,,131,,-104
879,1.57684,,132,,-104
880,1.57922,,132,,-104
881,1.58153,,132,,-104
882,1.58405,,132,,-104
883,1.58629,,132,,-104
884,1.58844,,132,,-104
885,1.59076,,131,,-104
886,1.5932,,132,,-104
887,1.5956,,132,,-104
888,1.59801,,132,,-104
889,1.60037,,132,,-104
890,1.60253,,132,,-104
891,1.60461,,132,,-104.2
892,1.60668,,132,,-104.2
893,1.60858,,132,,-104.2
894,1.6106,,132,,-104.2
895,1.61301,,132,,-104.2
896,1.61553,,132,,-104.2
897,1.61804,,132,,-104.2
898,1.62033,,132,,-104.2
899,1.62269,,132,,-104.2
900,1.62501,,132,,-104.2
901,1.62719,,131,,-104.2
902,1.62983,,131,,-104.2
903,1.63232,,132,,-104.2
904,1.63445,,132,,-104.2
905,1.63656,,132,,-104.2
906,1.63903,,132,,-104.2
907,1.6413,,132,,-104.2
908,1.64386,,132,,-104.2
909,1.64604,,132,,-104
910,1.64842,,132,,-104
911,1.65097,,132,,-104
912,1.65329,,132,,-104
913,1.6556,,132,,-104
914,1.6578,,132,,-104
915,1.65983,,132,,-104
916,1.66196,,131,,-104
917,1.66396,,131,,-104
918,1.66629,,131,,-104
919,1.6685,,131,,-104
920,1.67107,,131,,-104
921,1.67339,,131,,-104
922,1.676,,131,,-104
923,1.67821,,131,,-103.8
924,1.6805,,132,,-104
925,1.683,,132,,-104
926,1.6853,,132,,-104
927,1.68769,,132,,-104
928,1.68998,,132,,-104
929,1.69263,,131,,-104.2
930,1.69529,,131,,-104.2
931,1.69787,,131,,-104
932,1.70038,,131,,-104
933,1.70305,,131,,-104
934,1.70569,,132,,-104
935,1.70856,,132,,-104
936,1.71135,,132,,-104
937,1.7138,,132,,-103.8
938,1.71622,,132,,-103.8
939,1.71864,,132,,-103.8
940,1.72151,,132,,-103.8
941,1.72435,,132,,-103.8
942,1.72718,,133,,-103.8
943,1.73014,,133,,-103.8
944,1.73284,,133,,-103.8
945,1.73537,,133,,-104
946,1.73805,,133,,-103.8
947,1.74079,,133,,-103.8
948,1.74358,,133,,-103.8
949,1.74611,,133,,-103.8
950,1.74876,,133,,-103.8
951,1.75113,,133,,-103.8
952,1.75373,,134,,-103.8
953,1.75609,,134,,-103.8
954,1.75843,,134,,-103.8
955,1.76079,,134,,-103.8
956,1.76331,,134,,-103.8
957,1.76575,,134,,-103.8
958,1.76821,,134,,-103.8
959,1.77073,,134,,-103.8
960,1.77318,,135,,-103.8
961,1.77564,,135,,-103.8
962,1.77816,,135,,-103.8
963,1.78085,,135,,-103.8
964,1.78345,,135,,-104
965,1.78602,,134,,-104
966,1.78862,,134,,-103.8
967,1.79113,,134,,-103.8
968,1.79399,,134,,-103.8
969,1.79656,,134,,-103.8
970,1.79896,,134,,-103.8
971,1.8012,,134,,-103.8
972,1.80346,,134,,-104
973,1.80568,,134,,-104
974,1.80808,,134,,-104
975,1.81003,,134,,-104
976,1.81246,,134,,-103.8
977,1.81511,,134,,-103.6
978,1.81787,,133,,-103.6
979,1.82052,,133,,-103.6
980,1.82303,,133,,-103.6
981,1.8254,,133,,-103.8
982,1.82774,,133,,-103.8
983,1.82995,,133,,-103.8
984,1.83215,,133,,-103.8
985,1.83438,,133,,-104
986,1.83676,,132,,-104
987,1.83919,,132,,-104
988,1.84148,,132,,-103.8
989,1.84412,,132,,-103.8
990,1.84683,,132,,-103.8
991,1.84942,,133,,-103.8
992,1.85175,,133,,-103.8
993,1.85425,,133,,-103.8
994,1.85662,,133,,-103.8
995,1.85899,,132,,-103.8
996,1.86129,,132,,-104
997,1.86369,,133,,-103.8
998,1.86617,,133,,-104
999,1.86852,,133,,-103.8
1000,1.87096,,133,,-103.8
1001,1.87332,,132,,-103.8
1002,1.87588,,132,,-103.8
1003,1.87841,,133,,-103.8
1004,1.88096,,133,,-103.8
1005,1.88339,,133,,-103.8
1006,1.88585,,134,,-103.8
1007,1.88835,,134,,-104
1008,1.89101,,134,,-104
1009,1.89352,,135,,-104
1010,1.89614,,135,,-104
1011,1.89907,,135,,-104
1012,1.90157,,135,,-103.8
1013,1.90412,,135,,-103.8
1014,1.90663,,135,,-103.8
1015,1.90906,,135,,-103.8
1016,1.91175,,135,,-103.8
1017,1.91414,,135,,-103.8
1018,1.9169,,134,,-103.8
1019,1.91936,,134,,-103.8
1020,1.92171,,134,,-103.8
1021,1.92401,,134,,-103.6
1022,1.92649,,134,,-103.6
1023,1.92911,,134,,-103.6
1024,1.93192,,134,,-103.6
1025,1.93468,,134,,-103.8
1026,1.93714,,135,,-103.8
1027,1.93981,,135,,-103.8
1028,1.94233,,135,,-103.8
1029,1.94509,,135,,-103.8
1030,1.94772,,135,,-103.8
1031,1.95045,,135,,-103.8
1032,1.95317,,135,,-103.8
1033,1.95572,,135,,-103.8
1034,1.95844,,134,,-103.8
1035,1.96106,,134,,-103.8
1036,1.96374,,134,,-104
1037,1.966,,134,,-103.8
1038,1.96869,,134,,-103.8
1039,1.97112,,134,,-103.8
1040,1.97385,,134,,-103.8
1041,1.97641,,134,,-103.8
1042,1.97908,,134,,-103.8
1043,1.98175,,134,,-103.8
1044,1.98441,,134,,-103.8
1045,1.98706,,134,,-104
1046,1.99017,,134,,-104
1047,1.99304,,134,,-104
1048,1.99514,,134,,-104.2
1049,1.99781,,134,,-104.2
1050,2.00046,,134,,-104.2
1051,2.00315,,134,,-104.2
1052,2.00594,,134,,-104.2
1053,2.00862,,134,,-104.2
1054,2.01109,,134,,-104.2
1055,2.01362,,135,,-104.2
1056,2.01603,,135,,-104
1057,2.01842,,135,,-104
1058,2.02103,,135,,-104
1059,2.02359,,135,,-104
1060,2.02627,,135,,-104
1061,2.02875,,135,,-103.8
1062,2.03136,,135,,-103.8
1063,2.03391,,135,,-103.8
1064,2.03636,,135,,-103.8
1065,2.03899,,135,,-103.8
1066,2.04165,,135,,-104
1067,2.04433,,135,,-104
1068,2.04687,,135,,-104
1069,2.04958,,135,,-104
1070,2.05218,,135,,-104
1071,2.05478,,135,,-104
1072,2.05731,,136,,-104
1073,2.05988,,136,,-104
1074,2.06235,,137,,-104
1075,2.06471,,137,,-104.2
1076,2.06711,,136,,-104.4
1077,2.06961,,136,,-104.4
1078,2.07232,,135,,-104.6
1079,2.0752,,135,,-104.6
1080,2.07783,,136,,-104.6
1081,2.08052,,136,,-104.6
1082,2.08322,,136,,-104.6
1083,2.08588,,136,,-104.6
1084,2.08851,,136,,-104.4
1085,2.09122,,136,,-104.6
1086,2.09382,,136,,-104.6
1087,2.09642,,136,,-104.6
1088,2.09893,,136,,-104.6
1089,2.10147,,136,,-104.6
1090,2.10369,,136,,-104.6
1091,2.10567,,135,,-104.6
1092,2.10699,,135,,-104.6
1093,2.10793,,135,,-104.6
1094,2.11015,,135,,-104.4
1095,2.11284,,135,,-104.4
1096,2.11537,,135,,-104.4
1097,2.11771,,135,,-104.4
1098,2.1203,,135,,-104.4
1099,2.12295,,134,,-104.6
1100,2.12546,,135,,-104.6
1101,2.12891,,135,,-104.6
1102,2.13206,,135,,-104.6
1103,2.13485,,135,,-104.6
1104,2.13735,,136,,-104.4
1105,2.14001,,136,,-104.4
1106,2.14247,,136,,-104.4
1107,2.14519,,137,,-104.4
1108,2.14767,,137,,-104.4
1109,2.1505,,137,,-104.4
1110,2.15301,,137,,-104.4
1111,2.15573,,136,,-104.4
1112,2.15841,,136,,-104.4
1113,2.16079,,136,,-104.4
1114,2.16405,,136,,-104.4
1115,2.16644,,136,,-104.2
1116,2.16888,,136,,-104.2
1117,2.17121,,136,,-104.2
1118,2.17355,,136,,-104.2
1119,2.17607,,136,,-104.2
1120,2.17861,,136,,-104.2
1121,2.18093,,136,,-104.2
1122,2.18336,,136,,-104.2
1123,2.18604,,137,,-104
1124,2.18857,,137,,-104
1125,2.19108,,137,,-103.4
1126,2.19357,,137,,-103.4
1127,2.19599,,137,,-103.2
1128,2.19849,,137,,-103.2
1129,2.20108,,137,,-103.2
1130,2.20371,,137,,-103.2
1131,2.20681,,137,,-103.2
1132,2.20978,,137,,-103
1133,2.21249,,137,,-103
1134,2.21525,,137,,-103
1135,2.21779,,137,,-103.2
1136,2.22056,,138,,-103
1137,2.22307,,138,,-103
1138,2.2258,,138,,-103.2
1139,2.22826,,138,,-103.2
1140,2.23084,,138,,-103.2
1141,2.23339,,138,,-103.2
1142,2.23624,,138,,-103.2
1143,2.2387,,138,,-103.2
1144,2.24127,,138,,-103.2
1145,2.24379,,138,,-103.2
1146,2.24666,,138,,-103
1147,2.24934,,138,,-103
1148,2.25205,,138,,-103
1149,2.25505,,138,,-103
1150,2.25797,,138,,-103.2
1151,2.26081,,138,,-103.2
1152,2.26353,,138,,-103.4
1153,2.26618,,138,,-103.4
1154,2.2687,,138,,-103.4
1155,2.27143,,138,,-103.8
1156,2.27413,,138,,-104
1157,2.27695,,138,,-104.2
1158,2.27962,,138,,-104
1159,2.2823,,139,,-104.2
1160,2.28487,,139,,-104
1161,2.2874,,139,,-104
1162,2.28972,,139,,-104
1163,2.29215,,139,,-104
1164,2.29476,,139,,-104
1165,2.29729,,139,,-103.8
1166,2.29988,,139,,-103.8
1167,2.30243,,139,,-103.6
1168,2.30485,,139,,-103.4
1169,2.30726,,138,,-103.4
1170,2.30987,,138,,-103.4
1171,2.31254,,138,,-103.4
1172,2.31516,,138,,-103.4
1173,2.31784,,138,,-103.4
1174,2.32043,,139,,-103.6
1175,2.32287,,139,,-103.6
1176,2.32543,,138,,-103.6
1177,2.32788,,138,,-103.8
1178,2.3304,,138,,-103.8
1179,2.33285,,138,,-103.6
1180,2.33517,,139,,-103.6
1181,2.33754,,139,,-103.6
1182,2.34013,,139,,-103.6
1183,2.34278,,139,,-103.6
1184,2.34535,,139,,-103.4
1185,2.34804,,139,,-103.6
1186,2.35052,,139,,-103.6
1187,2.35308,,139,,-103.8
1188,2.35568,,139,,-103.8
1189,2.35848,,139,,-103.8
1190,2.36103,,139,,-103.8
1191,2.36383,,138,,-103.4
1192,2.36649,,138,,-104
1193,2.36913,,137,,-104
1194,2.37181,,137,,-103.8
1195,2.37456,,137,,-103.8
1196,2.37732,,137,,-103.8
1197,2.37996,,138,,-103.8
1198,2.38269,,138,,-104
1199,2.38524,,139,,-104
1200,2.38793,,139,,-104
1201,2.39055,,139,,-103.8
1202,2.39307,,140,,-103.8
1203,2.39556,,140,,-103.8
1204,2.39828,,140,,-103.8
1205,2.40099,,139,,-103.8
1206,2.40355,,139,,-103.8
1207,2.40624,,139,,-103.8
1208,2.4089,,139,,-103.8
1209,2.41167,,140,,-103.8
1210,2.41426,,140,,-103.8
1211,2.41696,,140,,-103.8
1212,2.41923,,140,,-103.8
1213,2.42191,,141,,-103.8
1214,2.42453,,141,,-103.8
1215,2.42736,,141,,-103.8
1216,2.43013,,141,,-103.8
1217,2.43286,,141,,-103.8
1218,2.43547,,141,,-103.8
1219,2.43818,,141,,-103.8
1220,2.44091,,141,,-104
1221,2.44349,,140,,-104
1222,2.4462,,141,,-104
1223,2.44865,,141,,-104
1224,2.45124,,141,,-104
1225,2.45372,,141,,-104
1226,2.45643,,140,,-104
1227,2.45902,,140,,-104
1228,2.46167,,140,,-103.8
1229,2.46419,,139,,-103.8
1230,2.46672,,139,,-103.8
1231,2.4694,,139,,-104
1232,2.47209,,139,,-104
1233,2.47486,,139,,-104.2
1234,2.4777,,140,,-104
1235,2.48027,,140,,-104.2
1236,2.4829,,140,,-104.2
1237,2.48556,,140,,-104.2
1238,2.48825,,140,,-104.2
1239,2.49101,,140,,-104.2
1240,2.49378,,140,,-104
1241,2.4966,,140,,-104
1242,2.49945,,140,,-104
1243,2.50212,,140,,-104
1244,2.50498,,140,,-104
1245,2.50753,,140,,-104
1246,2.51042,,140,,-104
1247,2.51325,,140,,-104.2
1248,2.51624,,140,,-104.2
1249,2.51906,,140,,-104.2
1250,2.52189,,141,,-104
1251,2.52455,,141,,-104
1252,2.52717,,141,,-104
1253,2.52991,,141,,-104.2
1254,2.53259,,140,,-104.2
1255,2.53513,,140,,-104.2
1256,2.53769,,140,,-104.2
1257,2.54026,,140,,-104.4
1258,2.54291,,141,,-104.4
1259,2.54561,,141,,-104.4
1260,2.54809,,141,,-104.4
1261,2.55089,,141,,-104.2
1262,2.55347,,141,,-104.2
1263,2.55626,,141,,-104
1264,2.55927,,141,,-104
1265,2.5624,,141,,-104
1266,2.56545,,141,,-104
1267,2.56833,,141,,-104
1268,2.5713,,141,,-104.2
1269,2.5742,,141,,-104.4
1270,2.57713,,141,,-104.6
1271,2.57968,,141,,-104.4
1272,2.58252,,141,,-104.4
1273,2.58461,,141,,-104.4
1274,2.58754,,141,,-104.4
1275,2.5903,,141,,-104.4
1276,2.59328,,141,,-104.4
1277,2.59628,,141,,-104.4
1278,2.59881,,141,,-104.2
1279,2.6017,,141,,-104.4
1280,2.6045,,141,,-104.4
1281,2.60755,,141,,-104.4
1282,2.60995,,141,,-104.4
1283,2.61309,,142,,-104.4
1284,2.61585,,142,,-104.4
1285,2.61889,,142,,-104.4
1286,2.62202,,142,,-104.4
1287,2.6249,,142,,-104.4
1288,2.62795,,142,,-104.4
1289,2.63076,,142,,-104.4
1290,2.63368,,142,,-104.6
1291,2.63657,,142,,-104.6
1292,2.63942,,142,,-104.6
1293,2.64212,,142,,-104.6
1294,2.64508,,142,,-104.6
1295,2.64791,,142,,-104.6
1296,2.65084,,143,,-104.6
1297,2.65377,,143,,-104.4
1298,2.65666,,143,,-104.4
1299,2.65949,,143,,-104.4
1300,2.66224,,143,,-104.6
1301,2.66493,,143,,-104.6
1302,2.66762,,143,,-104.4
1303,2.67053,,143,,-104.6
1304,2.67341,,143,,-104.4
1305,2.67623,,143,,-104.4
1306,2.67843,,143,,-104.4
1307,2.68103,,144,,-104.4
1308,2.6836,,144,,-104.4
1309,2.68624,,144,,-104.4
1310,2.68875,,144,,-104.4
1311,2.69127,,144,,-104.4
1312,2.69389,,144,,-104.6
1313,2.69603,,145,,-104.6
1314,2.69856,,145,,-104.6
1315,2.70113,,145,,-104.4
1316,2.70365,,145,,-104.6
1317,2.70632,,145,,-104.6
1318,2.70901,,145,,-104.6
1319,2.71166,,145,,-104.6
1320,2.71456,,145,,-104.6
1321,2.7173,,145,,-104.6
1322,2.72009,,145,,-104.6
1323,2.72278,,145,,-104.6
1324,2.72566,,145,,-104.4
1325,2.72836,,145,,-104.6
1326,2.73097,,145,,-104.6
1327,2.73366,,145,,-104.6
1328,2.73668,,144,,-104.6
1329,2.74004,,144,,-104.6
1330,2.74295,,144,,-104.6
1331,2.74625,,144,,-104.6
1332,2.74891,,144,,-104.4
1333,2.75192,,144,,-104.4
1334,2.75496,,144,,-104.4
1335,2.75775,,144,,-104.4
1336,2.76039,,144,,-104.2
1337,2.76376,,145,,-104.2
1338,2.76666,,145,,-104.2
1339,2.76856,,145,,-104.2
1340,2.77117,,144,,-104.2
1341,2.77393,,144,,-104.4
1342,2.77659,,144,,-104.4
1343,2.77948,,144,,-104.6
1344,2.78244,,144,,-104.8
1345,2.78533,,144,,-104.8
1346,2.78802,,144,,-105
1347,2.79076,,144,,-105
1348,2.79353,,144,,-105
1349,2.79647,,144,,-104.8
1350,2.79984,,144,,-105
1351,2.80319,,145,,-104.8
1352,2.80616,,145,,-105
1353,2.80903,,144,,-105
1354,2.81184,,144,,-104.8
1355,2.81465,,144,,-104.6
1356,2.8174,,144,,-104.8
1357,2.82007,,144,,-104.6
1358,2.82277,,145,,-104.6
1359,2.82538,,145,,-104.6
1360,2.82825,,145,,-104.6
1361,2.83082,,145,,-104.6
1362,2.83369,,145,,-104.4
1363,2.83622,,146,,-104.4
1364,2.83891,,146,,-104.4
1365,2.84146,,146,,-104.4
1366,2.84415,,146,,-104.4
1367,2.84683,,145,,-104.4
1368,2.8493,,145,,-104.4
1369,2.85184,,145,,-104.6
1370,2.85427,,145,,-104.6
1371,2.85694,,145,,-104.8
1372,2.85941,,145,,-104.6
1373,2.86221,,145,,-104.6
1374,2.86492,,145,,-104.6
1375,2.86755,,145,,-104.6
1376,2.86952,,144,,-104.6
1377,2.87223,,144,,-104.6
1378,2.87412,,144,,-104.6
1379,2.87702,,144,,-104.6
1380,2.87921,,144,,-104.6
1381,2.88195,,144,,-104.6
1382,2.88441,,144,,-104.6
1383,2.88727,,145,,-104.6
1384,2.88997,,145,,-104.6
1385,2.89286,,145,,-104.6
1386,2.89579,,145,,-104.8
1387,2.89876,,145,,-104.8
1388,2.90169,,145,,-105
1389,2.90449,,145,,-105
1390,2.90725,,145,,-105
1391,2.91001,,145,,-104.8
1392,2.91275,,146,,-104.8
1393,2.91553,,146,,-104.6
1394,2.91847,,146,,-104.6
1395,2.92154,,146,,-104.6
1396,2.92455,,146,,-104.6
1397,2.92746,,146,,-104.6
1398,2.9304,,146,,-104.6
1399,2.93341,,147,,-104.6
1400,2.93632,,147,,-104.4
1401,2.9391,,147,,-104.4
1402,2.94175,,147,,-104.4
1403,2.94452,,148,,-104.6
1404,2.94735,,147,,-104.6
1405,2.9502,,148,,-104.6
1406,2.95301,,148,,-104.6
1407,2.95573,,148,,-104.6
1408,2.95852,,148,,-104.6
1409,2.96144,,148,,-104.6
1410,2.96419,,148,,-104.6
1411,2.96699,,147,,-104.6
1412,2.97012,,147,,-104.6
1413,2.9732,,147,,-104.6
1414,2.97625,,147,,-104.6
1415,2.97928,,147,,-104.6
1416,2.98225,,147,,-104.6
1417,2.98531,,147,,-104.6
1418,2.98833,,147,,-104.6
1419,2.99147,,147,,-104.6
1420,2.99433,,147,,-104.6
1421,2.99711,,147,,-104.4
1422,2.99987,,148,,-104.4
1423,3.00269,,148,,-104.4
1424,3.00544,,148,,-104.6
1425,3.00764,,148,,-104.6
1426,3.00931,,148,,-104.6
1427,3.01057,,148,,-104.6
1428,3.01192,,148,,-104.6
1429,3.01325,,148,,-104.6
1430,3.01455,,148,,-104.6
1431,3.01606,,147,,-104.6
1432,3.01763,,147,,-104.6
1433,3.01908,,146,,-104.6
1434,3.02048,,145,,-104.6
1435,3.02192,,145,,-104.6
1436,3.02324,,144,,-104.6
1437,3.0245,,144,,-104.6
1438,3.02574,,143,,-104.6
1439,3.02709,,142,,-104.6
1440,3.02834,,142,,-104.6
1441,3.02932,,141,,-104.6
1442,3.03045,,140,,-104.6
1443,3.03203,,139,,-104.6
1444,3.03345,,139,,-104.6
1445,3.03497,,139,,-104.6
1446,3.03629,,138,,-104.6
1447,3.03765,,138,,-104.6
1448,3.03913,,138,,-104.6
1449,3.04047,,137,,-104.6
1450,3.04194,,137,,-104.6
1451,3.04327,,137,,-104.6
1452,3.04461,,136,,-104.8
1453,3.04592,,135,,-104.8
1454,3.04727,,134,,-104.8
1455,3.04854,,134,,-104.8
1456,3.04981,,133,,-104.8
1457,3.05109,,132,,-105
1458,3.05236,,131,,-105
1459,3.0536,,130,,-105
1460,3.05473,,130,,-105
1461,3.05592,,129,,-105
1462,3.05712,,129,,-105
1463,3.05833,,128,,-105
1464,3.05953,,128,,-104.8
1465,3.06071,,127,,-104.8
1466,3.06194,,126,,-104.8
1467,3.0628,,126,,-104.8
1468,3.06385,,125,,-104.8
1469,3.06531,,125,,-104.8
1470,3.06666,,124,,-104.8
1471,3.06813,,124,,-104.8
1472,3.0696,,124,,-104.6
1473,3.07105,,124,,-104.6
1474,3.07256,,124,,-104.6
1475,3.07429,,124,,-104.6
1476,3.07601,,124,,-104.6
1477,3.07734,,124,,-104.6
1478,3.07863,,124,,-104.6
1479,3.08003,,123,,-104.6
1480,3.08147,,123,,-104.6
1481,3.08303,,123,,-104.6
1482,3.08451,,122,,-104.6
1483,3.08596,,121,,-104.6
1484,3.08744,,121,,-104.6
1485,3.08883,,121,,-104.6
1486,3.09007,,121,,-104.6
1487,3.09121,,120,,-104.6
1488,3.09239,,120,,-104.6
1489,3.09397,,120,,-104.6
1490,3.09527,,119,,-104.6
1491,3.09672,,118,,-104.6
1492,3.09812,,117,,-104.6
1493,3.09964,,117,,-104.6
1494,3.10118,,117,,-104.6
1495,3.10273,,117,,-104.6
1496,3.10421,,117,,-104.6
1497,3.10574,,118,,-104.6
1498,3.1073,,118,,-104.6
1499,3.10886,,118,,-104.6
1500,3.11054,,118,,-104.6
1501,3.11222,,118,,-104.6
1502,3.11395,,117,,-104.6
1503,3.11553,,117,,-104.6
1504,3.11699,,116,,-104.6
1505,3.11834,,115,,-104.6
1506,3.11978,,115,,-104.6
1507,3.12123,,114,,-104.6
1508,3.12263,,114,,-104.6
1509,3.12401,,114,,-104.6
1510,3.12556,,114,,-104.6
1511,3.12711,,114,,-104.8
1512,3.12864,,114,,-104.8
1513,3.13009,,114,,-104.8
1514,3.13145,,114,,-104.8
1515,3.13302,,114,,-104.6
1516,3.13458,,114,,-104.6
1517,3.13586,,113,,-104.6
1518,3.13742,,113,,-104.6
1519,3.13895,,112,,-104.6
1520,3.1403,,112,,-104.4
1521,3.1417,,112,,-104.4
1522,3.14309,,112,,-104.4
1523,3.14466,,113,,-104.4
1524,3.14619,,114,,-104.4
1525,3.14774,,114,,-104.4
1526,3.14931,,114,,-104.4
1527,3.15094,,114,,-104.4
1528,3.1525,,114,,-104.4
1529,3.15408,,113,,-104.4
1530,3.1556,,113,,-104.4
1531,3.15718,,113,,-104.4
1532,3.15882,,114,,-104.4
1533,3.16037,,114,,-104.4
1534,3.16209,,114,,-104.4
1535,3.16348,,113,,-104.4
1536,3.16506,,113,,-104.4
1537,3.16646,,112,,-104.4
1538,3.16779,,111,,-104.4
1539,3.16924,,111,,-104.4
1540,3.17071,,111,,-104.4
1541,3.17204,,112,,-104.4
1542,3.17342,,113,,-104.4
1543,3.17513,,114,,-104.6
1544,3.17619,,114,,-104.6
1545,3.1774,,114,,-104.6
1546,3.17863,,114,,-104.6
1547,3.17998,,114,,-104.8
1548,3.18147,,113,,-104.8
1549,3.18289,,112,,-104.8
1550,3.18416,,111,,-104.8
1551,3.18541,,111,,-104.8
1552,3.18675,,110,,-104.8
1553,3.18797,,110,,-105
1554,3.1892,,110,,-105
1555,3.19048,,110,,-105
1556,3.19184,,109,,-105.2
1557,3.19323,,108,,-105.2
1558,3.19448,,108,,-105.2
1559,3.19574,,107,,-105.4
1560,3.19687,,106,,-105.4
1561,3.19817,,106,,-105.4
1562,3.19975,,106,,-105.4
1563,3.20145,,106,,-105.4
1564,3.20281,,106,,-105.2
1565,3.20417,,106,,-105.2
1566,3.20564,,106,,-105.2
1567,3.20701,,106,,-105
1568,3.20845,,106,,-105
1569,3.20998,,106,,-104.8
1570,3.21157,,107,,-104.8
1571,3.2131,,107,,-104.8
1572,3.21456,,107,,-104.8
1573,3.21601,,108,,-104.8
1574,3.21748,,109,,-104.8
1575,3.21893,,110,,-104.8
1576,3.22038,,110,,-105
1577,3.22181,,110,,-105
1578,3.22327,,110,,-105
1579,3.22478,,110,,-105
1580,3.22642,,109,,-105
1581,3.22803,,108,,-105.2
1582,3.22961,,108,,-105.2
1583,3.23119,,108,,-105.2
1584,3.23267,,108,,-105.2
1585,3.23424,,108,,-105.2
1586,3.2357,,109,,-105.2
1587,3.23712,,109,,-105.2
1588,3.23852,,109,,-105.2
1589,3.23996,,109,,-105.2
1590,3.24141,,109,,-105.2
1591,3.24284,,109,,-105.4
1592,3.2443,,109,,-105.4
1593,3.24577,,110,,-105.4
1594,3.24729,,110,,-105.4
1595,3.24875,,110,,-105.4
1596,3.25013,,109,,-105.2
1597,3.25138,,109,,-105.2
1598,3.25272,,108,,-105.2
1599,3.25413,,108,,-105.2
1600,3.25543,,107,,-105.2
1601,3.25672,,107,,-105.2
1602,3.25809,,107,,-105.2
1603,3.25963,,107,,-105.2
1604,3.26079,,108,,-105.2
1605,3.262,,108,,-105.4
1606,3.26339,,108,,-105.4
1607,3.26479,,108,,-105.4
1608,3.26624,,108,,-105.6
1609,3.26751,,107,,-105.6
1610,3.26879,,107,,-105.6
1611,3.27004,,107,,-105.6
1612,3.27142,,107,,-105.6
1613,3.27278,,107,,-105.8
1614,3.27412,,107,,-105.8
1615,3.27551,,108,,-105.8
1616,3.27693,,108,,-105.6
1617,3.27847,,108,,-105.6
1618,3.27994,,108,,-105.6
1619,3.28148,,107,,-105.6
1620,3.28294,,107,,-105.6
1621,3.28434,,107,,-105.6
1622,3.28584,,107,,-105.6
1623,3.28701,,107,,-105.6
1624,3.28832,,107,,-105.6
1625,3.28971,,107,,-105.4
1626,3.29121,,107,,-105.4
1627,3.29266,,106,,-105.4
1628,3.29445,,106,,-105.4
1629,3.29606,,106,,-105.2
1630,3.29767,,106,,-105.2
1631,3.29931,,106,,-105.2
1632,3.3008,,106,,-105.2
1633,3.30214,,107,,-105.2
1634,3.30348,,108,,-105.2
1635,3.3049,,108,,-105.2
1636,3.3064,,108,,-105.4
1637,3.30795,,108,,-105.4
1638,3.30939,,108,,-105.4
1639,3.31093,,107,,-105.4
1640,3.31241,,107,,-105.4
1641,3.31374,,106,,-105.4
1642,3.31513,,105,,-105.4
1643,3.31645,,105,,-105.4
1644,3.31777,,104,,-105.4
1645,3.31905,,104,,-105.4
1646,3.32025,,104,,-105.4
1647,3.32155,,104,,-105.4
1648,3.32292,,105,,-105.4
1649,3.32437,,105,,-105.4
1650,3.32581,,105,,-105.4
1651,3.32741,,106,,-105.6
1652,3.32927,,106,,-105.6
1653,3.33083,,107,,-105.6
1654,3.33223,,107,,-105.6
1655,3.33365,,108,,-105.6
1656,3.33517,,108,,-105.4
1657,3.3367,,108,,-105.4
1658,3.33838,,108,,-105.4
1659,3.33997,,107,,-105.4
1660,3.34172,,105,,-105.2
1661,3.3436,,105,,-105.2
1662,3.34512,,104,,-105.2
1663,3.34696,,103,,-105.4
1664,3.34894,,103,,-105.4
1665,3.35096,,103,,-105.4
1666,3.35273,,104,,-105.4
1667,3.35437,,104,,-105.4
1668,3.35603,,104,,-105.4
1669,3.35783,,104,,-105.4
1670,3.35939,,104,,-105.4
1671,3.36114,,104,,-105.4
1672,3.36253,,103,,-105.4
1673,3.36415,,103,,-105.4
1674,3.36617,,103,,-105.6
1675,3.36854,,103,,-105.6
1676,3.37059,,104,,-105.6
1677,3.37228,,104,,-105.6
1678,3.37391,,105,,-105.6
1679,3.37531,,105,,-105.6
1680,3.37653,,105,,-105.6
1681,3.37807,,105,,-105.6
1682,3.38022,,105,,-105.6
1683,3.3819,,104,,-105.6
1684,3.38368,,104,,-105.6
1685,3.38496,,104,,-105.4
1686,3.38628,,104,,-105.4
1687,3.38775,,104,,-105.2
1688,3.38899,,104,,-105.2
1689,3.39044,,104,,-105.2
1690,3.39187,,105,,-105.2
1691,3.3932,,105,,-105.2
1692,3.39458,,106,,-105.2
1693,3.39612,,106,,-105.2
1694,3.39744,,106,,-105.2
1695,3.39885,,106,,-105.2
1696,3.40012,,106,,-105.4
1697,3.40158,,105,,-105.4
1698,3.40289,,105,,-105.4
1699,3.404,,104,,-105.4
1700,3.40514,,104,,-105.4
1701,3.40617,,104,,-105.6
1702,3.40743,,104,,-105.6
1703,3.40872,,104,,-105.6
1704,3.40987,,104,,-105.6
1705,3.41114,,105,,-105.6
1706,3.41237,,106,,-105.6
1707,3.41377,,106,,-105.6
1708,3.41524,,106,,-105.6
1709,3.41657,,105,,-105.6
1710,3.41797,,105,,-105.6
1711,3.41922,,104,,-105.6
1712,3.42049,,103,,-105.6
1713,3.4218,,103,,-105.6
1714,3.42322,,103,,-105.6
1715,3.42475,,103,,-105.6
1716,3.42643,,103,,-105.6
1717,3.42799,,104,,-105.6
1718,3.42925,,104,,-105.6
1719,3.43074,,104,,-105.6
1720,3.43226,,104,,-105.6
1721,3.43369,,104,,-105.6
1722,3.43492,,104,,-105.6
1723,3.43634,,103,,-105.6
1724,3.43762,,103,,-105.6
1725,3.43908,,103,,-105.6
1726,3.44048,,104,,-105.6
1727,3.44174,,104,,-105.6
1728,3.44318,,104,,-105.6
1729,3.44482,,104,,-105.6
1730,3.44617,,104,,-105.6
1731,3.44768,,104,,-105.6
1732,3.44939,,104,,-105.6
1733,3.45132,,104,,-105.8
1734,3.45309,,103,,-105.8
1735,3.45453,,103,,-105.8
1736,3.45564,,103,,-105.8
1737,3.45656,,103,,-105.8
1738,3.45803,,103,,-105.8
1739,3.45959,,103,,-105.8
1740,3.4612,,103,,-105.8
1741,3.46291,,103,,-105.8
1742,3.4648,,104,,-105.8
1743,3.46644,,104,,-105.8
1744,3.46799,,104,,-105.8
1745,3.46961,,104,,-105.8
1746,3.47113,,104,,-105.6
1747,3.47293,,104,,-105.6
1748,3.47503,,104,,-105.6
1749,3.47696,,104,,-105.6
1750,3.47896,,103,,-105.6
1751,3.48073,,103,,-105.6
1752,3.48245,,103,,-105.4
1753,3.48411,,103,,-105.4
1754,3.48565,,103,,-105.6
1755,3.48708,,103,,-105.6
1756,3.48842,,103,,-105.6
1757,3.48977,,103,,-105.6
1758,3.49118,,103,,-105.6
1759,3.49263,,103,,-105.6
1760,3.49389,,102,,-105.8
1761,3.4955,,102,,-105.8
1762,3.49683,,102,,-105.8
1763,3.49821,,101,,-105.8
1764,3.49968,,101,,-105.8
1765,3.50116,,102,,-105.8
1766,3.50241,,102,,-105.8
1767,3.50369,,102,,-105.8
1768,3.50496,,103,,-105.8
1769,3.50616,,104,,-105.8
1770,3.50728,,104,,-105.8
1771,3.50848,,104,,-105.8
1772,3.50993,,104,,-105.8
1773,3.51125,,104,,-105.8
1774,3.51281,,104,,-105.8
1775,3.51431,,103,,-105.8
1776,3.51576,,102,,-105.8
1777,3.51723,,101,,-105.8
1778,3.51887,,101,,-105.8
1779,3.5203,,101,,-105.8
1780,3.52182,,101,,-105.8
1781,3.52342,,101,,-105.8
1782,3.52491,,101,,-105.8
1783,3.52649,,101,,-105.8
1784,3.52816,,101,,-105.8
1785,3.52969,,100,,-105.6
1786,3.53138,,100,,-105.6
1787,3.53277,,100,,-105.6
1788,3.53411,,100,,-105.6
1789,3.53551,,101,,-105.6
1790,3.53709,,101,,-105.8
1791,3.53851,,102,,-105.8
1792,3.53981,,102,,-105.8
1793,3.54128,,102,,-105.8
1794,3.54271,,102,,-105.8
1795,3.54405,,102,,-105.8
1796,3.54549,,102,,-105.8
1797,3.54682,,102,,-105.8
1798,3.54813,,102,,-105.8
1799,3.54946,,102,,-105.8
1800,3.55108,,102,,-105.8
1801,3.55279,,103,,-105.8
1802,3.55452,,103,,-105.8
1803,3.55595,,103,,-105.8
1804,3.55747,,104,,-105.8
1805,3.55887,,104,,-105.8
1806,3.56031,,104,,-105.8
1807,3.56183,,105,,-106
1808,3.56331,,105,,-106
1809,3.56471,,105,,-106
1810,3.56617,,104,,-106
1811,3.56775,,104,,-106
1812,3.56943,,103,,-106
1813,3.57085,,102,,-106
1814,3.57223,,101,,-106
1815,3.57371,,100,,-106
1816,3.57521,,100,,-106
1817,3.5766,,100,,-106
1818,3.57804,,101,,-106
1819,3.5794,,101,,-106
1820,3.58072,,101,,-106
1821,3.58207,,102,,-106.2
1822,3.58352,,102,,-106.2
1823,3.58485,,102,,-106.2
1824,3.58618,,102,,-106.2
1825,3.58739,,103,,-106.2
1826,3.5884,,103,,-106.2
1827,3.58961,,103,,-106
1828,3.59061,,103,,-106
1829,3.59126,,102,,-106
1830,3.5917,,102,,-106
1831,3.59239,,102,,-106
1832,3.59291,,102,,-106
1833,3.59379,,102,,-106
1834,3.5946,,101,,-106
1835,3.59583,,100,,-106
1836,3.59756,,100,,-106
1837,3.59896,,99,,-106.2
1838,3.60008,,98,,-106.2
1839,3.60115,,98,,-106.2
1840,3.60257,,99,,-106.2
1841,3.60396,,99,,-106.2
1842,3.60508,,100,,-106.2
1843,3.60653,,101,,-106.2
1844,3.60783,,101,,-106.2
1845,3.60908,,100,,-106.2
1846,3.61067,,99,,-106.2
1847,3.61215,,99,,-106.2
1848,3.61359,,97,,-106
1849,3.61524,,96,,-106
1850,3.61656,,96,,-105.8
1851,3.61813,,95,,-105.8
1852,3.6197,,95,,-105.6
1853,3.62143,,96,,-105.4
1854,3.62301,,96,,-105.2
1855,3.6244,,97,,-105.2
1856,3.62592,,98,,-105.2
1857,3.62737,,98,,-105.4
1858,3.62868,,98,,-105.4
1859,3.62996,,98,,-105.4
1860,3.6313,,98,,-105.6
1861,3.63268,,98,,-105.6
1862,3.63409,,98,,-105.8
1863,3.63561,,98,,-105.8
1864,3.63724,,98,,-105.8
1865,3.63856,,98,,-105.8
1866,3.63981,,98,,-106
1867,3.64126,,98,,-106
1868,3.64256,,98,,-106
1869,3.64383,,98,,-106
1870,3.645,,98,,-106
1871,3.64625,,98,,-106
1872,3.64748,,98,,-106
1873,3.64878,,98,,-106
1874,3.64996,,99,,-106
1875,3.65115,,99,,-106.2
1876,3.65245,,99,,-106.2
1877,3.65394,,99,,-106.2
1878,3.65563,,99,,-106.2
1879,3.65705,,99,,-106.2
1880,3.65863,,99,,-106.2
1881,3.66019,,99,,-106.4
1882,3.66149,,99,,-106.4
1883,3.66278,,100,,-106.4
1884,3.66442,,99,,-106.4
1885,3.66609,,99,,-106.4
1886,3.66757,,99,,-106.4
1887,3.66875,,99,,-106.6
1888,3.66997,,98,,-106.6
1889,3.67114,,97,,-106.6
1890,3.6724,,98,,-106.6
1891,3.6735,,98,,-106.6
1892,3.67455,,99,,-106.6
1893,3.67577,,99,,-106.6
1894,3.67696,,100,,-106.6
1895,3.67837,,100,,-106.6
1896,3.67987,,100,,-106.4
1897,3.68128,,99,,-106.4
1898,3.68273,,98,,-106.2
1899,3.68396,,97,,-106.2
1900,3.68541,,96,,-106
1901,3.68686,,96,,-106
1902,3.68825,,95,,-106
1903,3.68981,,95,,-106
1904,3.6914,,95,,-106
1905,3.69276,,95,,-106
1906,3.6942,,96,,-106
1907,3.69551,,96,,-106.2
1908,3.6968,,96,,-106.4
1909,3.6981,,96,,-106.4
1910,3.69938,,96,,-106.6
1911,3.70048,,96,,-106.4
1912,3.70181,,96,,-106.4
1913,3.70317,,96,,-106.4
1914,3.70456,,96,,-106.4
1915,3.70582,,96,,-106.4
1916,3.70702,,97,,-106.4
1917,3.70843,,97,,-106.4
1918,3.71012,,97,,-106.4
1919,3.71163,,97,,-106.4
1920,3.71317,,97,,-106.4
1921,3.7147,,97,,-106.4
1922,3.7162,,97,,-106.4
1923,3.71761,,97,,-106.4
1924,3.71904,,98,,-106.4
1925,3.72045,,98,,-106.4
1926,3.72153,,99,,-106.6
1927,3.72278,,99,,-106.6
1928,3.72382,,99,,-106.6
1929,3.72501,,99,,-106.6
1930,3.72652,,99,,-106.6
1931,3.72759,,99,,-106.6
1932,3.72902,,99,,-106.6
1933,3.73034,,99,,-106.6
1934,3.73156,,99,,-106.6
1935,3.73287,,99,,-106.4
1936,3.73431,,99,,-106.2
1937,3.73576,,99,,-106.2
1938,3.73718,,99,,-106
1939,3.73864,,99,,-106
1940,3.74006,,99,,-105.8
1941,3.74143,,98,,-105.6
1942,3.74276,,98,,-105.6
1943,3.74407,,98,,-105.4
1944,3.74536,,99,,-105.4
1945,3.74662,,99,,-105.4
1946,3.74794,,100,,-105.4
1947,3.74936,,100,,-105.4
1948,3.75075,,100,,-105.6
1949,3.75203,,100,,-105.6
1950,3.75339,,100,,-105.6
1951,3.75474,,99,,-105.8
1952,3.75605,,99,,-105.8
1953,3.75739,,99,,-105.8
1954,3.75886,,99,,-106
1955,3.76053,,99,,-106
1956,3.76196,,100,,-106
1957,3.76275,,100,,-106
1958,3.76395,,100,,-106
1959,3.76534,,100,,-106
1960,3.76672,,100,,-106
1961,3.76835,,101,,-106
1962,3.76971,,100,,-106
1963,3.77106,,100,,-106
1964,3.77229,,100,,-106
1965,3.77351,,100,,-106
1966,3.77472,,100,,-106
1967,3.77606,,100,,-106
1968,3.77751,,99,,-106
1969,3.779,,99,,-106
1970,3.78047,,99,,-106
1971,3.78198,,99,,-106
1972,3.7834,,99,,-106
1973,3.78482,,99,,-106
1974,3.78632,,99,,-106
1975,3.78777,,99,,-106
1976,3.78915,,99,,-106
1977,3.79032,,99,,-106.2
1978,3.79147,,98,,-106.2
1979,3.79266,,98,,-106.4
1980,3.79389,,98,,-106.4
1981,3.79536,,97,,-106.4
1982,3.79696,,97,,-106.4
1983,3.79882,,97,,-106.2
1984,3.80023,,97,,-106.2
1985,3.80161,,97,,-105.8
1986,3.80287,,97,,-105.8
1987,3.80414,,96,,-105.8
1988,3.80546,,96,,-105.8
1989,3.80671,,96,,-105.8
1990,3.80809,,96,,-105.8
1991,3.80964,,96,,-105.8
1992,3.81107,,96,,-105.8
1993,3.81257,,97,,-105.8
1994,3.81421,,97,,-105.8
1995,3.81569,,98,,-105.8
1996,3.81718,,99,,-106
1997,3.81859,,99,,-106
1998,3.82002,,100,,-106
1999,3.82138,,100,,-106
2000,3.82281,,100,,-106
2001,3.82396,,99,,-106
2002,3.82506,,99,,-106
2003,3.82627,,98,,-106
2004,3.82767,,97,,-106
2005,3.82899,,97,,-106
2006,3.83038,,96,,-106
2007,3.83206,,97,,-106
2008,3.83367,,97,,-106.2
2009,3.83524,,97,,-106.2
2010,3.83676,,97,,-106.2
2011,3.83827,,97,,-106.2
2012,3.84004,,97,,-106.2
2013,3.8416,,97,,-106.4
2014,3.84311,,97,,-106.4
2015,3.84467,,97,,-106.4
2016,3.84622,,97,,-106.4
2017,3.84783,,97,,-106.4
2018,3.8494,,97,,-106.4
2019,3.85073,,97,,-106.2
2020,3.85215,,98,,-106.2
2021,3.85348,,98,,-106
2022,3.85485,,98,,-106
2023,3.85611,,98,,-105.8
2024,3.85732,,97,,-105.8
2025,3.85858,,97,,-105.8
2026,3.8599,,96,,-105.8
2027,3.86131,,96,,-105.8
2028,3.86284,,95,,-105.8
2029,3.8642,,96,,-105.8
2030,3.86544,,96,,-106
2031,3.86667,,97,,-106
2032,3.86798,,97,,-106
2033,3.86931,,97,,-106
2034,3.8707,,97,,-106
2035,3.87199,,97,,-106
2036,3.8733,,97,,-106
2037,3.87458,,96,,-106
2038,3.87584,,96,,-106
2039,3.87707,,96,,-106
2040,3.87833,,96,,-106
2041,3.87958,,96,,-106
2042,3.88078,,96,,-106
2043,3.88201,,96,,-106
2044,3.88322,,96,,-106.2
2045,3.88469,,96,,-106.2
2046,3.88605,,95,,-106.2
2047,3.88753,,95,,-106.2
2048,3.88918,,95,,-106.2
2049,3.89089,,95,,-106.2
2050,3.89264,,95,,-106.2
2051,3.89405,,95,,-106.2
2052,3.8955,,96,,-106.2
2053,3.89679,,96,,-106.2
2054,3.89816,,97,,-106.2
2055,3.89951,,97,,-106.2
2056,3.90086,,97,,-106
2057,3.9023,,97,,-106
2058,3.9037,,97,,-106
2059,3.90505,,97,,-106.2
2060,3.90649,,97,,-106.2
2061,3.90779,,97,,-106.2
2062,3.90901,,97,,-106.2
2063,3.91024,,97,,-106.2
2064,3.91156,,98,,-106.2
2065,3.91296,,98,,-106.4
2066,3.91434,,99,,-106.4
2067,3.91573,,99,,-106.4
2068,3.91705,,100,,-106.4
2069,3.91839,,100,,-106.4
2070,3.91969,,100,,-106.4
2071,3.92095,,101,,-106.4
2072,3.92227,,100,,-106.4
2073,3.92358,,100,,-106.4
2074,3.92504,,99,,-106.4
2075,3.92651,,98,,-106.4
2076,3.92802,,97,,-106.4
2077,3.92952,,96,,-106.4
2078,3.93116,,95,,-106.4
2079,3.93276,,95,,-106.4
2080,3.93436,,95,,-106.4
2081,3.93565,,96,,-106.4
2082,3.93707,,96,,-106.4
2083,3.93863,,96,,-106.2
2084,3.93995,,97,,-106.2
2085,3.94123,,97,,-106
2086,3.94244,,97,,-106
2087,3.9437,,96,,-106
2088,3.94507,,96,,-106
2089,3.9465,,95,,-106
2090,3.94799,,95,,-106.2
2091,3.94931,,95,,-106.2
2092,3.95079,,95,,-106.4
2093,3.95192,,95,,-106.4
2094,3.95309,,95,,-106.4
2095,3.95444,,96,,-106.4
2096,3.95567,,96,,-106.4
2097,3.95691,,96,,-106.4
2098,3.95833,,96,,-106.4
2099,3.95981,,96,,-106.4
2100,3.9611,,96,,-106.4
2101,3.96255,,96,,-106.6
2102,3.96385,,96,,-106.6
2103,3.96519,,96,,-106.6
2104,3.96672,,96,,-106.6
2105,3.9682,,97,,-106.6
2106,3.96943,,97,,-106.6
2107,3.97075,,97,,-106.4
2108,3.9722,,96,,-106.4
2109,3.97374,,96,,-106.2
2110,3.97515,,95,,-106.2
2111,3.97662,,95,,-106.2
2112,3.97815,,94,,-106.4
2113,3.97966,,94,,-106.4
2114,3.98061,,95,,-106.4
2115,3.98207,,95,,-106.4
2116,3.98358,,96,,-106.6
2117,3.985,,97,,-106.6
2118,3.98643,,97,,-106.6
2119,3.98783,,97,,-106.6
2120,3.98932,,97,,-106.6
2121,3.99081,,97,,-106.6
2122,3.99213,,97,,-106.6
2123,3.99377,,97,,-106.6
2124,3.99532,,97,,-106.6
2125,3.9968,,97,,-106.6
2126,3.99842,,97,,-106.6
2127,4.00015,,97,,-106.6
2128,4.00188,,97,,-106.6
2129,4.00401,,97,,-106.6
2130,4.00596,,96,,-106.6
2131,4.0078,,96,,-106.6
2132,4.00951,,96,,-106.6
2133,4.01117,,96,,-106.6
2134,4.0128,,96,,-106.6
2135,4.01427,,96,,-106.6
2136,4.01571,,97,,-106.4
2137,4.01707,,97,,-106.4
2138,4.0184,,97,,-106.4
2139,4.01975,,97,,-106.4
2140,4.0212,,97,,-106.4
2141,4.02267,,96,,-106.4
2142,4.02422,,95,,-106.4
2143,4.02596,,95,,-106.4
2144,4.02754,,95,,-106.4
2145,4.02892,,95,,-106.4
2146,4.03027,,95,,-106.6
2147,4.03167,,96,,-106.6
2148,4.03306,,96,,-106.6
2149,4.03447,,96,,-106.8
2150,4.03577,,96,,-106.8
2151,4.03719,,96,,-106.8
2152,4.03852,,96,,-106.8
2153,4.03989,,95,,-106.8
2154,4.04137,,95,,-106.8
2155,4.0428,,95,,-106.8
2156,4.04416,,95,,-106.8
2157,4.0455,,95,,-106.8
2158,4.04681,,96,,-106.8
2159,4.04802,,96,,-106.8
2160,4.04915,,96,,-106.6
2161,4.05026,,96,,-106.6
2162,4.05152,,96,,-106.6
2163,4.05269,,96,,-106.8
2164,4.05379,,95,,-106.8
2165,4.05503,,95,,-106.8
2166,4.05637,,95,,-106.8
2167,4.05767,,95,,-106.8
2168,4.05883,,95,,-106.8
2169,4.06006,,95,,-107
2170,4.06149,,96,,-107
2171,4.06284,,96,,-106.8
2172,4.06438,,96,,-106.8
2173,4.06596,,96,,-106.6
2174,4.06754,,96,,-106.6
2175,4.06904,,95,,-106.6
2176,4.07046,,95,,-106.4
2177,4.07191,,95,,-106.4
2178,4.07338,,95,,-106.6
2179,4.07486,,95,,-106.6
2180,4.07629,,96,,-106.6
2181,4.0777,,96,,-106.6
2182,4.07916,,97,,-106.6
2183,4.08054,,97,,-106.8
2184,4.08194,,97,,-106.8
2185,4.08322,,96,,-107
2186,4.08451,,95,,-107
2187,4.0858,,94,,-107
2188,4.08712,,94,,-107
2189,4.08839,,93,,-107
2190,4.08966,,93,,-107
2191,4.09097,,93,,-107
2192,4.09207,,94,,-107
2193,4.09303,,94,,-107
2194,4.09417,,95,,-107
2195,4.09507,,95,,-107
2196,4.09565,,95,,-107
2197,4.09595,,95,,-107
2198,4.09603,,95,,-107
2199,4.09603,,95,,-107
2200,4.09657,,94,,-107
2201,4.09764,,94,,-107
2202,4.09885,,94,,-107
2203,4.10028,,94,,-106.8
2204,4.10172,,94,,-106.8
2205,4.10324,,94,,-106.6
2206,4.10472,,95,,-106.6
2207,4.10616,,96,,-106.6
2208,4.10756,,96,,-106.6
2209,4.10892,,97,,-106.6
2210,4.11024,,97,,-106.8
2211,4.11166,,97,,-106.8
2212,4.11305,,96,,-106.8
2213,4.11449,,94,,-106.8
2214,4.11578,,93,,-106.8
2215,4.11701,,91,,-106.8
2216,4.11841,,91,,-106.8
2217,4.11993,,90,,-106.8
2218,4.12124,,90,,-106.8
2219,4.12264,,91,,-106.8
2220,4.12388,,92,,-106.8
2221,4.12531,,92,,-106.8
2222,4.12676,,93,,-106.8
2223,4.12821,,94,,-106.8
2224,4.12972,,94,,-106.8
2225,4.13134,,93,,-106.8
2226,4.13285,,93,,-106.8
2227,4.13436,,93,,-106.8
2228,4.13592,,93,,-106.8
2229,4.13749,,93,,-106.8
2230,4.13896,,93,,-106.6
2231,4.14045,,94,,-106.6
2232,4.14193,,94,,-106.6
2233,4.1434,,94,,-106.6
2234,4.14494,,95,,-106.6
2235,4.14636,,96,,-106.6
2236,4.14776,,96,,-106.8
2237,4.14919,,96,,-106.8
2238,4.15054,,96,,-107
2239,4.1519,,95,,-107
2240,4.15315,,95,,-107
2241,4.15429,,95,,-107
2242,4.1555,,95,,-107
2243,4.15675,,95,,-107
2244,4.15804,,95,,-107
2245,4.15928,,95,,-107
2246,4.16055,,96,,-107
2247,4.16179,,96,,-107
2248,4.16306,,96,,-107
2249,4.1643,,96,,-107
2250,4.16564,,97,,-107
2251,4.16685,,97,,-107
2252,4.16821,,97,,-107
2253,4.16971,,97,,-107
2254,4.1711,,97,,-107
2255,4.17249,,97,,-107
2256,4.17389,,98,,-107
2257,4.17526,,99,,-107
2258,4.17665,,99,,-106.8
2259,4.17818,,99,,-106.8
2260,4.17938,,100,,-106.8
2261,4.1806,,100,,-106.8
2262,4.18146,,99,,-106.8
2263,4.18234,,99,,-106.8
2264,4.18346,,98,,-107
2265,4.1845,,98,,-107
2266,4.1857,,97,,-107.2
2267,4.18722,,96,,-107.2
2268,4.18871,,96,,-107.2
2269,4.19002,,95,,-107.2
2270,4.1913,,95,,-107.2
2271,4.19252,,95,,-107.4
2272,4.19396,,95,,-107.4
2273,4.19546,,94,,-107.4
2274,4.19693,,94,,-107.4
2275,4.19836,,94,,-107.2
2276,4.19981,,94,,-107
2277,4.20126,,94,,-107
2278,4.20259,,94,,-107
2279,4.20405,,94,,-107
2280,4.20563,,94,,-107
2281,4.20721,,95,,-107
2282,4.20871,,96,,-107
2283,4.21012,,96,,-107
2284,4.21153,,97,,-107.2
2285,4.21292,,97,,-107.2
2286,4.21424,,97,,-107.2
2287,4.2154,,97,,-107.4
2288,4.21659,,96,,-107.4
2289,4.21774,,95,,-107.4
2290,4.21899,,94,,-107.4
2291,4.22022,,93,,-107.4
2292,4.22151,,92,,-107.4
2293,4.22281,,92,,-107.4
2294,4.22419,,92,,-107.4
2295,4.22558,,92,,-107.4
2296,4.22707,,92,,-107.6
2297,4.22847,,93,,-107.6
2298,4.22974,,93,,-107.6
2299,4.2312,,93,,-107.6
2300,4.23272,,93,,-107.6
2301,4.23425,,93,,-107.6
2302,4.23575,,93,,-107.6
2303,4.23717,,93,,-107.6
2304,4.23866,,93,,-107.4
2305,4.24015,,93,,-107.4
2306,4.24176,,94,,-107.4
2307,4.24332,,94,,-107.4
2308,4.2449,,94,,-107.4
2309,4.24649,,94,,-107.4
2310,4.24802,,94,,-107.6
2311,4.24942,,94,,-107.6
2312,4.25093,,93,,-107.6
2313,4.25237,,93,,-107.8
2314,4.2539,,93,,-107.8
2315,4.2553,,93,,-107.8
2316,4.25683,,93,,-107.8
2317,4.25814,,93,,-107.8
2318,4.25914,,93,,-107.8
2319,4.26055,,93,,-107.8
2320,4.26202,,93,,-107.8
2321,4.26348,,92,,-107.8
2322,4.26483,,92,,-107.8
2323,4.26619,,91,,-107.8
2324,4.26763,,91,,-107.8
2325,4.26916,,91,,-108
2326,4.27066,,91,,-108
2327,4.27201,,91,,-107.8
2328,4.27338,,92,,-107.8
2329,4.27487,,92,,-107.8
2330,4.27628,,92,,-107.8
2331,4.27768,,92,,-107.6
2332,4.27924,,92,,-107.6
2333,4.28076,,91,,-107.6
2334,4.28216,,91,,-107.6
2335,4.28335,,91,,-107.6
2336,4.28448,,91,,-107.8
2337,4.28558,,91,,-107.8
2338,4.28693,,92,,-108
2339,4.28795,,92,,-108
2340,4.28916,,92,,-108
2341,4.29052,,92,,-108.2
2342,4.29184,,92,,-108.2
2343,4.29327,,92,,-108.2
2344,4.29466,,92,,-108.4
2345,4.29614,,92,,-108.4
2346,4.29753,,92,,-108.4
2347,4.29905,,93,,-108.4
2348,4.30042,,93,,-108.2
2349,4.30182,,93,,-108.2
2350,4.30318,,94,,-108.2
2351,4.30449,,94,,-108.2
2352,4.30566,,94,,-108.2
2353,4.30688,,94,,-108.2
2354,4.30806,,93,,-108.2
2355,4.30933,,93,,-108.2
2356,4.31061,,93,,-108.2
2357,4.31196,,93,,-108.2
2358,4.31322,,93,,-108.2
2359,4.31464,,93,,-108.2
2360,4.31613,,93,,-108.2
2361,4.31748,,93,,-108.2
2362,4.31883,,93,,-108
2363,4.32027,,92,,-108
2364,4.32149,,92,,-108
2365,4.32273,,92,,-108
2366,4.32407,,92,,-108
2367,4.32554,,92,,-108
2368,4.32708,,92,,-108.2
2369,4.32846,,93,,-108.2
2370,4.32965,,93,,-108.2
2371,4.33086,,93,,-108.2
2372,4.33227,,93,,-108.2
2373,4.33358,,93,,-108.2
2374,4.33493,,93,,-108.2
2375,4.33639,,92,,-108
2376,4.3378,,92,,-108
2377,4.33917,,93,,-108
2378,4.34049,,93,,-108
2379,4.34176,,94,,-108.2
2380,4.34298,,95,,-108.2
2381,4.34417,,95,,-108.2
2382,4.34561,,95,,-108.2
2383,4.34712,,95,,-108.2
2384,4.34835,,95,,-108.2
2385,4.34938,,94,,-108.2
2386,4.3502,,94,,-108
